,mae,rmse,mre
kmeans,32.976,44.432,0.139
agglomerative,51.315,64.42600000000002,0.22500000000000003
spectral,32.303999999999995,47.331,0.16399999999999998
