,mae,rmse,mre
kmeans,31.74,42.48800000000001,0.13400000000000004
agglomerative,51.278,66.358,0.22000000000000003
spectral,30.847,45.979000000000006,0.15799999999999997
