,mae,rmse,mre
kmeans,2513.346,8926.118999999999,0.515
agglomerative,60126.28199999999,495502.8279999999,12.374999999999996
spectral,1373.068,1869.7490000000003,0.281
