,mae,rmse,mre
kmeans,2779.7760000000003,10293.222,0.563
agglomerative,147465.298,1253532.401,29.826999999999998
spectral,1407.572,1900.667,0.281
