,mae,rmse,mre
kmeans,1048.5900000000001,1529.139,0.215
agglomerative,13734.463,103525.24600000001,2.8109999999999995
spectral,1356.168,1858.3190000000002,0.27599999999999997
