,mae,rmse,mre
kmeans,33.001999999999995,52.83,0.129
agglomerative,41.869,52.741,0.15999999999999998
spectral,31.351,46.122,0.16199999999999998
